TCPID,DeviceAndTestInfoID,"WindowSize","ClientConnectedTo",Port,"EastWest",TestNumber,UpSpeed,UpStdDev,UpMedian,UpPR,UpPCT,DownSpeed,DownStdDev,DownMedian,DownPR,DownPCT,"ErrorType"
1,1,"64","184.72.63.139",5003,"west",1,528,532.784,557,10.25,0.7,1799,654.995,1978.5,12.3,1,NULL
2,1,"64","184.72.222.65",5003,"east",1,21463,717.977,9011,10.025,1,21463,327.673,19274,10.525,1,NULL
3,1,"64","184.72.63.139",5003,"west",2,168.4,332.653,1114,14.1,0.675,91.7,303.45,127.5,15.875,0.973254,NULL
4,1,"64","184.72.222.65",5003,"east",2,19431,414.138,9141.5,10.3,1,25181,507.402,1187.5,10.1,0.89123,NULL
